"","EVENT_ID","CZ_NAME_STR","BEGIN_LOCATION","BEGIN_DATE","BEGIN_TIME","EVENT_TYPE","STATE_ABBR","EPISODE_ID","CZ_TYPE","BEGIN_AZIMUTH","END_AZIMUTH","END_LOCATION","END_DATE","END_TIME","BEGIN_LON","BEGIN_LAT","END_LON","END_LAT"
"1",5541358,"DISTRICT OF COLUMBIA CO.","ALL","01/19/1996",1100,"Flash Flood","DC",2403644,"C",NA,NA,"ALL","01/19/1996",1300,NA,NA,NA,NA
"2",5541359,"DISTRICT OF COLUMBIA (ZONE)",NA,"01/20/1996",730,"Flood","DC",2403645,"Z",NA,NA,NA,"01/23/1996",500,NA,NA,NA,NA
"3",5561204,"DISTRICT OF COLUMBIA CO.","N PORTION","06/18/1996",30,"Flash Flood","DC",1014286,"C",NA,NA,"N PORTION","06/18/1996",200,NA,NA,NA,NA
"4",5561207,"DISTRICT OF COLUMBIA CO.","NORTHWEST","06/20/1996",2200,"Flash Flood","DC",2040906,"C",NA,NA,"NORTHWEST","06/20/1996",2300,NA,NA,NA,NA
"5",5572405,"DISTRICT OF COLUMBIA CO.","DOWNTOWN","09/06/1996",1200,"Flash Flood","DC",2049837,"C",NA,NA,"DOWNTOWN","09/06/1996",1800,NA,NA,NA,NA
"6",5572407,"DISTRICT OF COLUMBIA (ZONE)",NA,"09/07/1996",2330,"Flood","DC",2049839,"Z",NA,NA,NA,"09/10/1996",45,NA,NA,NA,NA
"7",5572790,"DISTRICT OF COLUMBIA CO.","CITYWIDE","11/08/1996",1600,"Flash Flood","DC",2049872,"C",NA,NA,"CITYWIDE","11/08/1996",1715,NA,NA,NA,NA
"8",5600268,"DISTRICT OF COLUMBIA CO.","UPPER NORTHWEST","05/25/1997",2100,"Flash Flood","DC",2062509,"C",NA,NA,"UPPER NORTHWEST","05/25/1997",2259,NA,NA,NA,NA
"9",5635978,"DISTRICT OF COLUMBIA CO.","NORTHWEST PORTION","02/04/1998",1200,"Flash Flood","DC",2073395,"C",NA,NA,"NORTHWEST PORTION","02/05/1998",1200,NA,NA,NA,NA
"10",5632971,"DISTRICT OF COLUMBIA CO.","EAST PORTION","03/09/1998",500,"Flash Flood","DC",2074384,"C",NA,NA,"EAST PORTION","03/09/1998",1000,NA,NA,NA,NA
"11",5658567,"DISTRICT OF COLUMBIA CO.","NORTHWEST PORTION","06/23/1998",2045,"Flash Flood","DC",2082391,"C",NA,NA,"NORTHWEST PORTION","06/23/1998",2130,NA,NA,NA,NA
"12",5718781,"DISTRICT OF COLUMBIA CO.","COUNTYWIDE","08/25/1999",1700,"Flash Flood","DC",2413456,"C",NA,NA,"COUNTYWIDE","08/25/1999",2100,NA,NA,NA,NA
"13",5716690,"DISTRICT OF COLUMBIA CO.","COUNTYWIDE","09/16/1999",800,"Flash Flood","DC",2412892,"C",NA,NA,"COUNTYWIDE","09/16/1999",1500,NA,NA,NA,NA
"14",5254401,"DISTRICT OF COLUMBIA CO.","COUNTYWIDE","06/22/2001",2250,"Flash Flood","DC",1118128,"C",NA,NA,"COUNTYWIDE","06/22/2001",2359,NA,NA,NA,NA
"15",5263790,"DISTRICT OF COLUMBIA CO.","COUNTYWIDE","08/10/2001",1430,"Flash Flood","DC",1121751,"C",NA,NA,"COUNTYWIDE","08/10/2001",1515,NA,NA,NA,NA
"16",5263600,"DISTRICT OF COLUMBIA CO.","COUNTYWIDE","08/11/2001",1530,"Flash Flood","DC",1121752,"C",NA,NA,"COUNTYWIDE","08/11/2001",1730,NA,NA,NA,NA
"17",5342403,"DISTRICT OF COLUMBIA (ZONE)",NA,"02/22/2003",800,"Flood","DC",1147476,"Z",NA,NA,NA,"02/23/2003",600,NA,NA,NA,NA
"18",5347744,"DISTRICT OF COLUMBIA (ZONE)",NA,"03/20/2003",1415,"Flood","DC",1148715,"Z",NA,NA,NA,"03/20/2003",1800,NA,NA,NA,NA
"19",5369223,"DISTRICT OF COLUMBIA (ZONE)",NA,"05/16/2003",730,"Flood","DC",1160457,"Z",NA,NA,NA,"05/16/2003",1000,NA,NA,NA,NA
"20",5370179,"DISTRICT OF COLUMBIA CO.","COUNTYWIDE","06/12/2003",1700,"Flash Flood","DC",1156726,"C",NA,NA,"COUNTYWIDE","06/12/2003",1800,NA,NA,NA,NA
"21",5370180,"DISTRICT OF COLUMBIA (ZONE)",NA,"06/20/2003",1410,"Flood","DC",1156727,"Z",NA,NA,NA,"06/20/2003",1510,NA,NA,NA,NA
"22",5368665,"DISTRICT OF COLUMBIA CO.","COUNTYWIDE","07/10/2003",2330,"Flash Flood","DC",1160490,"C",NA,NA,"COUNTYWIDE","07/11/2003",30,NA,NA,NA,NA
"23",5335401,"DISTRICT OF COLUMBIA (ZONE)",NA,"09/23/2003",300,"Flood","DC",1163732,"Z",NA,NA,NA,"09/23/2003",1300,NA,NA,NA,NA
"24",5335400,"DISTRICT OF COLUMBIA (ZONE)",NA,"09/23/2003",1645,"Flood","DC",1163732,"Z",NA,NA,NA,"09/24/2003",1845,NA,NA,NA,NA
"25",5379911,"DISTRICT OF COLUMBIA CO.","COUNTYWIDE","11/19/2003",1800,"Flash Flood","DC",1164973,"C",NA,NA,"COUNTYWIDE","11/19/2003",2000,NA,NA,NA,NA
"26",5406535,"DISTRICT OF COLUMBIA CO.","SOUTHEAST PORTION","06/17/2004",1740,"Flash Flood","DC",1173587,"C",NA,NA,"SOUTHEAST PORTION","06/17/2004",1900,NA,NA,NA,NA
"27",5418283,"DISTRICT OF COLUMBIA CO.","US CAPITOL","07/04/2004",1510,"Flash Flood","DC",1178246,"C",NA,NA,"US CAPITOL","07/04/2004",1710,NA,NA,NA,NA
"28",5418284,"DISTRICT OF COLUMBIA CO.","COUNTYWIDE","07/27/2004",2200,"Flash Flood","DC",1178247,"C",NA,NA,"COUNTYWIDE","07/28/2004",500,NA,NA,NA,NA
"29",5421637,"DISTRICT OF COLUMBIA CO.","LINCOLN MEMORIAL","08/11/2004",1525,"Flash Flood","DC",1179579,"C",NA,NA,"LINCOLN MEMORIAL","08/11/2004",1825,NA,NA,NA,NA
"30",5436764,"DISTRICT OF COLUMBIA CO.","COUNTYWIDE","01/14/2005",715,"Flash Flood","DC",1184698,"C",NA,NA,"COUNTYWIDE","01/14/2005",1000,-77.01667,38.91667,-77.01667,38.91667
"31",5450464,"DISTRICT OF COLUMBIA (ZONE)",NA,"04/02/2005",1140,"Flood","DC",1189021,"Z",NA,NA,NA,"04/02/2005",2100,-77.01667,38.91667,-77.01667,38.91667
"32",5450465,"DISTRICT OF COLUMBIA CO.","CENTRAL PORTION","04/03/2005",210,"Flash Flood","DC",1189021,"C",NA,NA,"CENTRAL PORTION","04/03/2005",330,-77.01667,38.91667,-77.01667,38.91667
"33",5463724,"DISTRICT OF COLUMBIA (ZONE)",NA,"07/08/2005",700,"Flood","DC",1194762,"Z",NA,NA,NA,"07/08/2005",800,-77.01667,38.91667,-77.01667,38.91667
"34",5477820,"DISTRICT OF COLUMBIA (ZONE)",NA,"10/08/2005",1100,"Flood","DC",1199967,"Z",NA,NA,NA,"10/08/2005",1400,-77.01667,38.91667,-77.01667,38.91667
"35",5515325,"DISTRICT OF COLUMBIA CO.","COUNTYWIDE","06/25/2006",2100,"Flash Flood","DC",1212982,"C",NA,NA,"COUNTYWIDE","06/27/2006",0,NA,NA,NA,NA
"36",5519969,"DISTRICT OF COLUMBIA CO.","SOUTHEAST PORTION","07/05/2006",1430,"Flash Flood","DC",1215504,"C",NA,NA,"SOUTHEAST PORTION","07/05/2006",1530,NA,NA,NA,NA
"37",9537,"DISTRICT OF COLUMBIA CO.","GEORGETOWN","11/16/2006",1337,"Flood","DC",1089,"C","N","N","GEORGETOWN","11/16/2006",1830,-77.05,38.92,-77.05,38.92
"38",25788,"DISTRICT OF COLUMBIA CO.","GEORGETOWN","04/15/2007",900,"Flood","DC",4354,"C","N","N","ANACOSTIA","04/15/2007",1500,-77.05,38.92,-76.97,38.87
"39",98719,"DISTRICT OF COLUMBIA CO.","WALTER REED","05/12/2008",0,"Flood","DC",16770,"C","SW","ENE","TENLEYTOWN","05/12/2008",1200,-77.0497,38.9658,-77.0451,38.9596
"40",118348,"DISTRICT OF COLUMBIA CO.","TENLEYTOWN","07/23/2008",2000,"Flash Flood","DC",19787,"C","SSE","SW","NATIONAL ARBORETUM","07/23/2008",2200,-77.0649,38.9374,-76.9906,38.899
"41",135875,"DISTRICT OF COLUMBIA CO.","NATIONAL ARBORETUM","09/06/2008",1245,"Flash Flood","DC",22967,"C","S","S","NATIONAL ARBORETUM","09/06/2008",1613,-76.97,38.8979,-76.9692,38.8979
"42",135877,"DISTRICT OF COLUMBIA CO.","GEORGETOWN","09/06/2008",1245,"Flash Flood","DC",22967,"C","W","W","GEORGETOWN","09/06/2008",1613,-77.0526,38.9201,-77.0523,38.92
"43",135876,"DISTRICT OF COLUMBIA CO.","NATIONAL ARBORETUM","09/06/2008",1613,"Flood","DC",22967,"C","S","S","NATIONAL ARBORETUM","09/06/2008",1715,-76.9697,38.8979,-76.9692,38.8979
"44",135878,"DISTRICT OF COLUMBIA CO.","GEORGETOWN","09/06/2008",1613,"Flood","DC",22967,"C","W","W","GEORGETOWN","09/06/2008",1715,-77.0526,38.9201,-77.0523,38.92
"45",171294,"DISTRICT OF COLUMBIA CO.","MOUNT PLEASANT","05/26/2009",641,"Flash Flood","DC",29184,"C","N","N","MOUNT PLEASANT","05/26/2009",800,-77.05,38.9437,-77.0505,38.943
"46",171993,"DISTRICT OF COLUMBIA CO.","DALECARLIA RESERVOIR","06/09/2009",530,"Flash Flood","DC",29317,"C","SSE","SSE","DALECARLIA RESERVOIR","06/09/2009",800,-77.1008,38.919,-77.1005,38.9183
"47",251405,"DISTRICT OF COLUMBIA CO.","US CAPITOL","08/12/2010",645,"Flash Flood","DC",43155,"C","NW","NW","US CAPITOL","08/12/2010",745,-77.03,38.89,-77.0324,38.8925
"48",251407,"DISTRICT OF COLUMBIA CO.","GEORGETOWN","08/12/2010",652,"Flash Flood","DC",43155,"C","NE","ESE","MOUNT PLEASANT","08/12/2010",752,-77.0488,38.9214,-77.0419,38.9278
"49",251406,"DISTRICT OF COLUMBIA CO.","MOUNT PLEASANT","08/12/2010",652,"Flash Flood","DC",43155,"C","NW","NW","MOUNT PLEASANT","08/12/2010",752,-77.0545,38.9334,-77.0567,38.9362
"50",251408,"DISTRICT OF COLUMBIA CO.","BROOKLAND","08/12/2010",656,"Flash Flood","DC",43155,"C","S","SSE","BROOKLAND","08/12/2010",756,-77.0002,38.9182,-76.9948,38.9208
"51",251409,"DISTRICT OF COLUMBIA CO.","WALTER REED","08/12/2010",700,"Flash Flood","DC",43155,"C","SSE","S","WALTER REED","08/12/2010",800,-77.02,38.96,-77.027,38.9586
"52",251979,"DISTRICT OF COLUMBIA CO.","TENLEYTOWN","08/18/2010",610,"Flash Flood","DC",43245,"C","ESE","W","GEORGETOWN","08/18/2010",710,-77.0503,38.9461,-77.0622,38.9202
"53",257522,"DISTRICT OF COLUMBIA CO.","LINCOLN MEMORIAL","09/30/2010",730,"Flash Flood","DC",44330,"C","N","N","LINCOLN MEMORIAL","09/30/2010",915,-77.0467,38.8968,-77.0528,38.8996
"54",257529,"DISTRICT OF COLUMBIA CO.","BROOKLAND","09/30/2010",1000,"Flash Flood","DC",44330,"C","S","SSE","BROOKLAND","09/30/2010",1415,-77,38.92,-76.9965,38.9221
"55",264082,"DISTRICT OF COLUMBIA CO.","BOLLING AFB","10/27/2010",1315,"Flash Flood","DC",45497,"C","E","SE","BOLLING AFB","10/27/2010",1337,-77.0109,38.8497,-77.0099,38.8424
"56",267940,"DISTRICT OF COLUMBIA CO.","BENNING","12/01/2010",954,"Flash Flood","DC",46201,"C","N","NNW","BENNING","12/01/2010",1054,-76.95,38.9,-76.9545,38.8947
"57",278142,"DISTRICT OF COLUMBIA CO.","BOLLING AFB","02/02/2011",302,"Flood","DC",47723,"C","E","SE","BOLLING AFB","02/02/2011",600,-77.01,38.85,-77.0098,38.8437
"58",342302,"DISTRICT OF COLUMBIA CO.","ANACOSTIA","08/28/2011",130,"Flood","DC",57144,"C","NW","NNW","US CAPITOL","08/28/2011",700,-76.9888,38.8804,-77.0231,38.8868
"59",346897,"DISTRICT OF COLUMBIA CO.","US CAPITOL","09/07/2011",1135,"Flash Flood","DC",57805,"C","NW","WNW","US CAPITOL","09/07/2011",1515,-77.0298,38.886,-77.0328,38.8855
"60",346898,"DISTRICT OF COLUMBIA CO.","US CAPITOL","09/07/2011",1135,"Flash Flood","DC",57805,"C","NNW","NW","US CAPITOL","09/07/2011",1515,-77.0231,38.8844,-77.0248,38.8846
"61",346899,"DISTRICT OF COLUMBIA CO.","US CAPITOL","09/07/2011",1135,"Flash Flood","DC",57805,"C","NNW","NNW","US CAPITOL","09/07/2011",1515,-77.0267,38.8914,-77.0248,38.8925
"62",346900,"DISTRICT OF COLUMBIA CO.","WALTER REED","09/07/2011",1135,"Flash Flood","DC",57805,"C","SSW","SSW","WALTER REED","09/07/2011",1515,-77.0357,38.9619,-77.0351,38.9634
"63",392685,"DISTRICT OF COLUMBIA CO.","BENNING","06/01/2012",1650,"Flash Flood","DC",65601,"C","NE","NNE","BENNING","06/01/2012",1915,-76.94,38.89,-76.9408,38.8933
"64",392686,"DISTRICT OF COLUMBIA CO.","NATIONAL ARBORETUM","06/01/2012",1900,"Flash Flood","DC",65601,"C","E","E","NATIONAL ARBORETUM","06/01/2012",2100,-76.95,38.92,-76.9586,38.9185
"65",400639,"DISTRICT OF COLUMBIA CO.","BROOKLAND","07/10/2012",1920,"Flash Flood","DC",66785,"C","SW","SW","BROOKLAND","07/10/2012",2120,-77.01,38.92,-77.0153,38.9162
"66",400808,"DISTRICT OF COLUMBIA CO.","BROOKLAND","07/18/2012",1700,"Flash Flood","DC",66804,"C","S","S","BROOKLAND","07/18/2012",1900,-77,38.92,-76.9998,38.9195
"67",400816,"DISTRICT OF COLUMBIA CO.","BROOKLAND","07/19/2012",2140,"Flash Flood","DC",66806,"C","SW","W","NATIONAL ARBORETUM","07/19/2012",2340,-77.02,38.91,-76.9876,38.9184
"68",413671,"DISTRICT OF COLUMBIA CO.","BROOKLAND","09/02/2012",1915,"Flash Flood","DC",68952,"C","SW","SW","BROOKLAND","09/02/2012",2115,-77.0149,38.9154,-77.0127,38.9159
"69",413672,"DISTRICT OF COLUMBIA CO.","MOUNT PLEASANT","09/02/2012",1915,"Flash Flood","DC",68952,"C","E","E","MOUNT PLEASANT","09/02/2012",2115,-77.0263,38.9274,-77.0259,38.9274
"70",413673,"DISTRICT OF COLUMBIA CO.","BROOKLAND","09/02/2012",1915,"Flash Flood","DC",68952,"C","SSW","SSW","BROOKLAND","09/02/2012",2115,-77.0053,38.9186,-77.0056,38.9178
"71",413674,"DISTRICT OF COLUMBIA CO.","BROOKLAND","09/02/2012",1915,"Flash Flood","DC",68952,"C","SW","SW","BROOKLAND","09/02/2012",2115,-77.0182,38.9149,-77.0163,38.9148
"72",413701,"DISTRICT OF COLUMBIA CO.","BENNING","09/08/2012",1505,"Flash Flood","DC",68960,"C","NNE","NNE","BENNING","09/08/2012",2100,-76.9431,38.9027,-76.9416,38.902
"73",413703,"DISTRICT OF COLUMBIA CO.","BENNING","09/08/2012",1510,"Flash Flood","DC",68960,"C","N","N","BENNING","09/08/2012",2100,-76.9508,38.8961,-76.9485,38.8953
"74",416412,"DISTRICT OF COLUMBIA CO.","WALTER REED","10/29/2012",1530,"Flood","DC",69406,"C","SW","SW","WALTER REED","10/30/2012",1330,-77.0385,38.9739,-77.0389,38.9721
"75",457557,"DISTRICT OF COLUMBIA CO.","BOLLING AFB","05/28/2013",1830,"Flash Flood","DC",75808,"C","SE","SE","BOLLING AFB","05/28/2013",2030,-77.0087,38.8412,-77.0102,38.8418
"76",461351,"DISTRICT OF COLUMBIA CO.","US CAPITOL","06/28/2013",1510,"Flash Flood","DC",76507,"C","N","N","US CAPITOL","06/28/2013",1710,-77.015,38.9059,-77.0152,38.9048
"77",461352,"DISTRICT OF COLUMBIA CO.","BOLLING AFB","06/28/2013",1806,"Flash Flood","DC",76507,"C","SE","SE","BOLLING AFB","06/28/2013",2006,-77.0073,38.8395,-77.0074,38.8378
"78",467732,"DISTRICT OF COLUMBIA CO.","GEORGETOWN","07/12/2013",300,"Flash Flood","DC",77512,"C","W","W","GEORGETOWN","07/12/2013",500,-77.0968,38.9161,-77.0971,38.9146
"79",467733,"DISTRICT OF COLUMBIA CO.","LINCOLN MEMORIAL","07/12/2013",330,"Flash Flood","DC",77512,"C","N","N","LINCOLN MEMORIAL","07/12/2013",500,-77.0482,38.8966,-77.0485,38.8958
"80",515043,"DISTRICT OF COLUMBIA CO.","WALTER REED","04/30/2014",1155,"Flood","DC",85258,"C","SW","SSW","WALTER REED","04/30/2014",2359,-77.0382,38.972,-77.0386,38.9697
"81",515082,"DISTRICT OF COLUMBIA CO.","WALTER REED","05/01/2014",0,"Flood","DC",85262,"C","SW","SSW","WALTER REED","05/01/2014",657,-77.0379,38.9713,-77.0385,38.9693
"82",524314,"DISTRICT OF COLUMBIA CO.","WALTER REED","05/16/2014",529,"Flood","DC",86836,"C","SW","SW","WALTER REED","05/16/2014",1528,-77.0392,38.9711,-77.0392,38.9698
"83",528149,"DISTRICT OF COLUMBIA CO.","NATIONAL ARBORETUM","06/10/2014",1036,"Flash Flood","DC",87510,"C","ESE","ESE","NATIONAL ARBORETUM","06/10/2014",1220,-76.9337,38.9123,-76.9339,38.9114
"84",540067,"DISTRICT OF COLUMBIA CO.","WALTER REED","08/12/2014",1050,"Flash Flood","DC",89713,"C","SW","SW","WALTER REED","08/12/2014",1345,-77.0386,38.9734,-77.0389,38.9724
"85",586081,"DISTRICT OF COLUMBIA CO.","WALTER REED","06/27/2015",1524,"Flash Flood","DC",97412,"C","SW","SW","WALTER REED","06/27/2015",2325,-77.0454,38.9686,-77.0415,38.9737
"86",619245,"DISTRICT OF COLUMBIA CO.","WALTER REED","02/24/2016",1845,"Flood","DC",103609,"C","SW","WSW","WALTER REED","02/24/2016",2345,-77.04,38.97,-77.047,38.972
"87",635040,"DISTRICT OF COLUMBIA CO.","WALTER REED","05/02/2016",2142,"Flood","DC",105845,"C","SW","SSW","WALTER REED","05/03/2016",551,-77.04,38.97,-77.0392,38.9596
"88",645867,"DISTRICT OF COLUMBIA CO.","MOUNT PLEASANT","06/21/2016",1831,"Flash Flood","DC",107705,"C","NW","NW","MOUNT PLEASANT","06/21/2016",1945,-77.059,38.9362,-77.0593,38.9367
"89",645396,"DISTRICT OF COLUMBIA CO.","MOUNT PLEASANT","06/21/2016",1831,"Flash Flood","DC",107705,"C","NE","NNW","MOUNT PLEASANT","06/21/2016",1945,-77.0462,38.9339,-77.0533,38.9386
"90",650232,"DISTRICT OF COLUMBIA CO.","MOUNT PLEASANT","07/19/2016",2215,"Flash Flood","DC",108537,"C","N","N","MOUNT PLEASANT","07/20/2016",130,-77.0491,38.938,-77.0488,38.9436
"91",650233,"DISTRICT OF COLUMBIA CO.","BROOKLAND","07/19/2016",2240,"Flash Flood","DC",108537,"C","SW","SW","BROOKLAND","07/20/2016",130,-77.0164,38.914,-77.0166,38.9144
"92",650234,"DISTRICT OF COLUMBIA CO.","BROOKLAND","07/20/2016",130,"Flood","DC",108537,"C","SW","N","MOUNT PLEASANT","07/20/2016",730,-77.0166,38.9145,-77.049,38.9425
"93",650235,"DISTRICT OF COLUMBIA CO.","US CAPITOL","07/20/2016",530,"Flood","DC",108537,"C","NNW","N","US CAPITOL","07/20/2016",730,-77.0217,38.8822,-77.0201,38.8823
"94",695676,"DISTRICT OF COLUMBIA CO.","GEORGETOWN","05/05/2017",930,"Flood","DC",115710,"C","SE","SE","GEORGETOWN","05/05/2017",1100,-77.036,38.9055,-77.0361,38.9067
"95",711814,"DISTRICT OF COLUMBIA CO.","WALTER REED","07/28/2017",1145,"Flash Flood","DC",118015,"C","SSW","SSW","WALTER REED","07/28/2017",1445,-77.04,38.96,-77.0415,38.9597
"96",709533,"DISTRICT OF COLUMBIA CO.","WALTER REED","07/28/2017",1321,"Flash Flood","DC",118015,"C","SW","SW","WALTER REED","07/28/2017",1745,-77.0477,38.9695,-77.0439,38.9703
"97",709534,"DISTRICT OF COLUMBIA CO.","WALTER REED","07/28/2017",1745,"Flood","DC",118015,"C","SW","SSW","WALTER REED","07/29/2017",740,-77.04,38.97,-77.0392,38.9574
"98",713394,"DISTRICT OF COLUMBIA CO.","ANACOSTIA","07/29/2017",200,"Flood","DC",118015,"C","ESE","ESE","ANACOSTIA","07/29/2017",215,-76.9526,38.8645,-76.9524,38.864
"99",714599,"DISTRICT OF COLUMBIA CO.","TENLEYTOWN","08/01/2017",1740,"Flood","DC",118963,"C","NE","NE","TENLEYTOWN","08/01/2017",1822,-77.0606,38.9575,-77.0589,38.9562
"100",714600,"DISTRICT OF COLUMBIA CO.","TENLEYTOWN","08/01/2017",1822,"Flash Flood","DC",118963,"C","NE","ENE","TENLEYTOWN","08/01/2017",2000,-77.0594,38.9564,-77.0565,38.9532
"101",714650,"DISTRICT OF COLUMBIA CO.","TENLEYTOWN","08/15/2017",1035,"Flash Flood","DC",118967,"C","SW","WSW","TENLEYTOWN","08/15/2017",1200,-77.0823,38.9433,-77.0874,38.9433
"102",714652,"DISTRICT OF COLUMBIA CO.","TENLEYTOWN","08/15/2017",1050,"Flash Flood","DC",118967,"C","E","E","TENLEYTOWN","08/15/2017",1300,-77.0554,38.9522,-77.0526,38.9494
"103",715716,"DISTRICT OF COLUMBIA CO.","TENLEYTOWN","08/18/2017",1755,"Flash Flood","DC",118970,"C","NNE","NE","TENLEYTOWN","08/18/2017",2000,-77.0641,38.9579,-77.0588,38.9567
"104",715717,"DISTRICT OF COLUMBIA CO.","MOUNT PLEASANT","08/18/2017",1804,"Flash Flood","DC",118970,"C","N","N","MOUNT PLEASANT","08/18/2017",1845,-77.0517,38.9401,-77.0519,38.9395
"105",715718,"DISTRICT OF COLUMBIA CO.","GEORGETOWN","08/18/2017",1850,"Flash Flood","DC",118970,"C","W","W","GEORGETOWN","08/18/2017",2030,-77.0516,38.9201,-77.0539,38.9194
"106",753695,"DISTRICT OF COLUMBIA CO.","WALTER REED","04/16/2018",341,"Flash Flood","DC",125669,"C","WNW","SW","WALTER REED","04/16/2018",538,-77.0528,38.9862,-77.045,38.9713
"107",753707,"DISTRICT OF COLUMBIA CO.","WALTER REED","04/16/2018",538,"Flood","DC",125669,"C","WNW","ENE","TENLEYTOWN","04/16/2018",1232,-77.0537,38.9855,-77.0466,38.9603
"108",753710,"DISTRICT OF COLUMBIA CO.","DALECARLIA RESERVOIR","04/16/2018",539,"Flood","DC",125669,"C","SSE","SSE","DALECARLIA RESERVOIR","04/16/2018",630,-77.1075,38.9249,-77.1071,38.9246
"109",753715,"DISTRICT OF COLUMBIA CO.","US CAPITOL","04/16/2018",549,"Flood","DC",125669,"C","WNW","WNW","US CAPITOL","04/16/2018",700,-77.0311,38.8827,-77.0308,38.8826
"110",758805,"DISTRICT OF COLUMBIA CO.","LINCOLN MEMORIAL","05/22/2018",1620,"Flood","DC",126456,"C","NE","NW","US CAPITOL","05/22/2018",1800,-77.0363,38.8925,-77.0345,38.8925
"111",769090,"DISTRICT OF COLUMBIA CO.","WALTER REED","06/03/2018",1419,"Flood","DC",127380,"C","SW","SW","WALTER REED","06/03/2018",1928,-77.0467,38.9684,-77.0449,38.9714
"112",776461,"DISTRICT OF COLUMBIA CO.","WALTER REED","07/21/2018",1919,"Flood","DC",128275,"C","SW","SW","WALTER REED","07/22/2018",643,-77.0472,38.9675,-77.0452,38.971
"113",774916,"DISTRICT OF COLUMBIA CO.","GEORGETOWN","07/21/2018",2115,"Flood","DC",128275,"C","WSW","WSW","GEORGETOWN","07/21/2018",2215,-77.0581,38.9181,-77.057,38.9186
"114",774917,"DISTRICT OF COLUMBIA CO.","LINCOLN MEMORIAL","07/22/2018",1412,"Flood","DC",128275,"C","NNW","NNW","LINCOLN MEMORIAL","07/22/2018",1510,-77.056,38.8932,-77.0569,38.895
"115",774498,"DISTRICT OF COLUMBIA CO.","TENLEYTOWN","07/25/2018",1809,"Flash Flood","DC",128279,"C","NE","ENE","TENLEYTOWN","07/25/2018",1915,-77.0589,38.9563,-77.057,38.9538
"116",781509,"DISTRICT OF COLUMBIA CO.","WALTER REED","07/25/2018",1824,"Flash Flood","DC",128279,"C","WSW","SW","WALTER REED","07/25/2018",1947,-77.041,38.9765,-77.0474,38.9675
"117",774503,"DISTRICT OF COLUMBIA CO.","DALECARLIA RESERVOIR","07/25/2018",1831,"Flash Flood","DC",128279,"C","SSE","SSE","DALECARLIA RESERVOIR","07/25/2018",2000,-77.1011,38.9197,-77.101,38.9195
"118",774502,"DISTRICT OF COLUMBIA CO.","TENLEYTOWN","07/25/2018",1849,"Flash Flood","DC",128279,"C","ENE","ENE","TENLEYTOWN","07/25/2018",2000,-77.0565,38.9537,-77.0562,38.9536
"119",775240,"DISTRICT OF COLUMBIA CO.","BOLLING AFB","08/02/2018",1646,"Flood","DC",129383,"C","SSE","SSE","BOLLING AFB","08/02/2018",1846,-77.0109,38.8316,-77.0113,38.8317
"120",775241,"DISTRICT OF COLUMBIA CO.","BOLLING AFB","08/02/2018",1646,"Flood","DC",129383,"C","ESE","ESE","BOLLING AFB","08/02/2018",1846,-77.0095,38.8452,-77.005,38.8451
"121",775243,"DISTRICT OF COLUMBIA CO.","BENNING","08/02/2018",1652,"Flood","DC",129383,"C","NE","NE","BENNING","08/02/2018",1852,-76.9378,38.8904,-76.938,38.8904
"122",775242,"DISTRICT OF COLUMBIA CO.","BENNING","08/02/2018",1653,"Flood","DC",129383,"C","NNE","NNE","BENNING","08/02/2018",1853,-76.9421,38.8927,-76.9431,38.8931
"123",775620,"DISTRICT OF COLUMBIA CO.","TENLEYTOWN","08/07/2018",1522,"Flood","DC",129464,"C","NE","NE","TENLEYTOWN","08/07/2018",1722,-77.0577,38.9569,-77.0585,38.9569
"124",778471,"DISTRICT OF COLUMBIA CO.","ANACOSTIA","08/21/2018",1410,"Flood","DC",129519,"C","WSW","WSW","ANACOSTIA","08/21/2018",1610,-76.9914,38.8634,-76.9912,38.8634
"125",778473,"DISTRICT OF COLUMBIA CO.","MOUNT PLEASANT","08/21/2018",1410,"Flood","DC",129519,"C","NE","NE","MOUNT PLEASANT","08/21/2018",1610,-77.0351,38.9405,-77.0347,38.9406
"126",778472,"DISTRICT OF COLUMBIA CO.","US CAPITOL","08/21/2018",1410,"Flood","DC",129519,"C","NNW","NW","US CAPITOL","08/21/2018",1610,-77.0215,38.8822,-77.0217,38.881
"127",787183,"DISTRICT OF COLUMBIA CO.","GEORGETOWN","09/07/2018",1744,"Flood","DC",131580,"C","N","NE","GEORGETOWN","09/08/2018",0,-77.0491,38.9243,-77.047,38.9227
"128",787184,"DISTRICT OF COLUMBIA CO.","MOUNT PLEASANT","09/07/2018",1757,"Flood","DC",131580,"C","N","NNE","MOUNT PLEASANT","09/08/2018",0,-77.0497,38.9346,-77.0471,38.9341
"129",787119,"DISTRICT OF COLUMBIA CO.","GEORGETOWN","09/07/2018",1800,"Flash Flood","DC",131580,"C","SSE","SSE","GEORGETOWN","09/07/2018",2000,-77.0422,38.9065,-77.0405,38.9005
"130",788319,"DISTRICT OF COLUMBIA CO.","WALTER REED","09/18/2018",120,"Flood","DC",131792,"C","SW","SW","WALTER REED","09/18/2018",533,-77.0429,38.9712,-77.0403,38.9722
"131",795586,"DISTRICT OF COLUMBIA CO.","WALTER REED","11/24/2018",1844,"Flood","DC",132974,"C","SW","SW","WALTER REED","11/25/2018",116,-77.0463,38.9673,-77.0488,38.9677
"132",806301,"DISTRICT OF COLUMBIA CO.","WALTER REED","12/15/2018",2025,"Flood","DC",133711,"C","SW","SW","WALTER REED","12/16/2018",730,-77.0466,38.966,-77.0486,38.9667
"133",813548,"DISTRICT OF COLUMBIA CO.","WALTER REED","03/21/2019",1815,"Flood","DC",135327,"C","SW","SW","WALTER REED","03/22/2019",135,-77.0444,38.967,-77.0478,38.97
"134",842878,"DISTRICT OF COLUMBIA CO.","DALECARLIA RESERVOIR","07/08/2019",758,"Flash Flood","DC",140101,"C","SSE","SSE","DALECARLIA RESERVOIR","07/08/2019",1200,-77.1005,38.9182,-77.0995,38.919
"135",842879,"DISTRICT OF COLUMBIA CO.","DALECARLIA RESERVOIR","07/08/2019",828,"Flood","DC",140101,"C","SSE","SSE","DALECARLIA RESERVOIR","07/08/2019",1328,-77.1068,38.9248,-77.1087,38.9262
"136",866387,"DISTRICT OF COLUMBIA CO.","TENLEYTOWN","11/01/2019",215,"Flood","DC",144348,"C","E","NNE","MOUNT PLEASANT","11/01/2019",215,-77.0446,38.9508,-77.0434,38.9485
"137",899237,"DISTRICT OF COLUMBIA CO.","WALTER REED","06/05/2020",1743,"Flood","DC",149128,"C","W","WSW","WALTER REED","06/05/2020",1945,-77.0466,38.9807,-77.0449,38.9768
"138",918925,"DISTRICT OF COLUMBIA CO.","WALTER REED","08/04/2020",758,"Flood","DC",151995,"C","SW","WSW","WALTER REED","08/04/2020",1511,-77.0497,38.9659,-77.0421,38.9744
"139",920746,"DISTRICT OF COLUMBIA CO.","TENLEYTOWN","09/10/2020",1216,"Flash Flood","DC",152226,"C","NE","NE","TENLEYTOWN","09/10/2020",1500,-77.0583,38.9567,-77.0574,38.9572
"140",920747,"DISTRICT OF COLUMBIA CO.","NATIONAL ARBORETUM","09/10/2020",1300,"Flash Flood","DC",152226,"C","SW","SW","NATIONAL ARBORETUM","09/10/2020",1500,-76.9864,38.9108,-76.9861,38.9107
"141",920748,"DISTRICT OF COLUMBIA CO.","BROOKLAND","09/10/2020",1302,"Flash Flood","DC",152226,"C","S","S","BROOKLAND","09/10/2020",1500,-77.0008,38.9269,-77.0003,38.9269
"142",920749,"DISTRICT OF COLUMBIA CO.","WALTER REED","09/10/2020",1312,"Flash Flood","DC",152226,"C","SW","WSW","WALTER REED","09/10/2020",1514,-77.0473,38.9674,-77.0411,38.9775
"143",920750,"DISTRICT OF COLUMBIA CO.","BROOKLAND","09/10/2020",1330,"Flash Flood","DC",152226,"C","SSE","SSE","BROOKLAND","09/10/2020",1500,-76.9929,38.9211,-76.9947,38.9236
"144",922005,"DISTRICT OF COLUMBIA CO.","BENNING","09/10/2020",1355,"Flash Flood","DC",152226,"C","NNE","NNE","BENNING","09/10/2020",1358,-76.9426,38.9022,-76.9423,38.902
"145",926359,"DISTRICT OF COLUMBIA CO.","BROOKLAND","11/12/2020",420,"Flood","DC",153841,"C","SW","NNE","US CAPITOL","11/12/2020",620,-77.02,38.91,-77.0164,38.8878
"146",933940,"DISTRICT OF COLUMBIA CO.","WALTER REED","12/25/2020",220,"Flood","DC",154848,"C","SW","SW","WALTER REED","12/25/2020",622,-77.0471,38.9673,-77.0444,38.9709
"147",965984,"DISTRICT OF COLUMBIA CO.","BENNING","07/01/2021",1440,"Flash Flood","DC",159815,"C","NNE","NNE","BENNING","07/01/2021",1700,-76.9408,38.9017,-76.9412,38.9012
"148",965986,"DISTRICT OF COLUMBIA CO.","BENNING","07/01/2021",1505,"Flash Flood","DC",159815,"C","NW","NW","BENNING","07/01/2021",1705,-76.962,38.8898,-76.9618,38.8896
"149",965987,"DISTRICT OF COLUMBIA CO.","NATIONAL ARBORETUM","07/01/2021",1515,"Flash Flood","DC",159815,"C","ESE","ESE","NATIONAL ARBORETUM","07/01/2021",1715,-76.9313,38.9099,-76.9311,38.91
"150",966011,"DISTRICT OF COLUMBIA CO.","BENNING","07/09/2021",1708,"Flood","DC",159826,"C","N","N","BENNING","07/09/2021",1908,-76.9506,38.9021,-76.9505,38.902
"151",966009,"DISTRICT OF COLUMBIA CO.","BENNING","07/09/2021",1718,"Flood","DC",159826,"C","NW","NW","BENNING","07/09/2021",1918,-76.9593,38.8901,-76.9592,38.8895
"152",966010,"DISTRICT OF COLUMBIA CO.","BENNING","07/09/2021",1718,"Flood","DC",159826,"C","NNW","N","BENNING","07/09/2021",1918,-76.9541,38.8957,-76.9533,38.8963
"153",980407,"DISTRICT OF COLUMBIA CO.","TENLEYTOWN","08/16/2021",2321,"Flash Flood","DC",161925,"C","ENE","ENE","TENLEYTOWN","08/17/2021",115,-77.0563,38.9534,-77.0546,38.9543
"154",982207,"DISTRICT OF COLUMBIA CO.","WALTER REED","08/20/2021",731,"Flash Flood","DC",162667,"C","WSW","ESE","NATIONAL ARBORETUM","08/20/2021",905,-77.0461,38.9746,-76.9543,38.9143
"155",982203,"DISTRICT OF COLUMBIA CO.","ANACOSTIA","08/20/2021",758,"Flash Flood","DC",162667,"C","NNW","NNW","ANACOSTIA","08/20/2021",900,-76.9774,38.8948,-76.9771,38.8948
"156",982210,"DISTRICT OF COLUMBIA CO.","US CAPITOL","08/20/2021",818,"Flash Flood","DC",162667,"C","NNE","NNE","US CAPITOL","08/20/2021",900,-77.015,38.8946,-77.015,38.895
"157",980891,"DISTRICT OF COLUMBIA CO.","MOUNT PLEASANT","08/21/2021",1433,"Flood","DC",162489,"C","N","N","MOUNT PLEASANT","08/21/2021",1633,-77.05,38.94,-77.0509,38.9386
"158",985679,"DISTRICT OF COLUMBIA CO.","MOUNT PLEASANT","09/01/2021",329,"Flash Flood","DC",163273,"C","N","E","TENLEYTOWN","09/01/2021",529,-77.0503,38.9444,-77.0479,38.9504
"159",986669,"DISTRICT OF COLUMBIA CO.","WALTER REED","09/01/2021",632,"Flood","DC",163273,"C","WSW","WSW","WALTER REED","09/01/2021",1346,-77.0437,38.9771,-77.0402,38.9782
"160",986368,"DISTRICT OF COLUMBIA CO.","LINCOLN MEMORIAL","09/16/2021",1453,"Flood","DC",163374,"C","N","NNW","LINCOLN MEMORIAL","09/16/2021",1653,-77.0516,38.8867,-77.056,38.8917
"161",986370,"DISTRICT OF COLUMBIA CO.","GEORGETOWN","09/16/2021",1841,"Flood","DC",163374,"C","SSW","N","LINCOLN MEMORIAL","09/16/2021",2041,-77.06,38.9,-77.049,38.8973
"162",986630,"DISTRICT OF COLUMBIA CO.","US CAPITOL","09/23/2021",602,"Flood","DC",163406,"C","NE","NE","LINCOLN MEMORIAL","09/23/2021",802,-77.0081,38.8876,-77.0365,38.8876
"163",986631,"DISTRICT OF COLUMBIA CO.","WALTER REED","09/23/2021",635,"Flood","DC",163406,"C","SW","WSW","WALTER REED","09/23/2021",1318,-77.04,38.97,-77.0474,38.9716
"164",1018285,"DISTRICT OF COLUMBIA CO.","TENLEYTOWN","06/02/2022",1700,"Flash Flood","DC",168220,"C","NE","ENE","TENLEYTOWN","06/02/2022",1725,-77.0587,38.9566,-77.0565,38.9565
"165",1022941,"DISTRICT OF COLUMBIA CO.","WALTER REED","06/23/2022",100,"Flood","DC",168873,"C","WNW","WNW","WALTER REED","06/23/2022",400,-77.0428,38.9842,-77.041,38.9843
"166",1026020,"DISTRICT OF COLUMBIA CO.","WALTER REED","07/02/2022",2330,"Flash Flood","DC",169396,"C","SW","SW","WALTER REED","07/03/2022",145,-77.0479,38.9669,-77.0424,38.9689
"167",1026021,"DISTRICT OF COLUMBIA CO.","MOUNT PLEASANT","07/03/2022",44,"Flash Flood","DC",169396,"C","NNE","N","MOUNT PLEASANT","07/03/2022",144,-77.048,38.9351,-77.0486,38.9373
"168",1026023,"DISTRICT OF COLUMBIA CO.","GEORGETOWN","07/03/2022",147,"Flood","DC",169396,"C","S","S","GEORGETOWN","07/03/2022",347,-77.05,38.91,-77.0517,38.9104
"169",1026024,"DISTRICT OF COLUMBIA CO.","GEORGETOWN","07/03/2022",150,"Flood","DC",169396,"C","N","NE","GEORGETOWN","07/03/2022",350,-77.05,38.92,-77.044,38.9243
"170",1028058,"DISTRICT OF COLUMBIA CO.","GEORGETOWN","07/09/2022",146,"Flash Flood","DC",169753,"C","SSW","SSW","GEORGETOWN","07/09/2022",258,-77.0576,38.9013,-77.0568,38.901
"171",1028063,"DISTRICT OF COLUMBIA CO.","US CAPITOL","07/09/2022",221,"Flash Flood","DC",169753,"C","NE","NE","US CAPITOL","07/09/2022",258,-77.0129,38.8859,-77.0124,38.8863
"172",1028065,"DISTRICT OF COLUMBIA CO.","WALTER REED","07/09/2022",230,"Flash Flood","DC",169753,"C","WSW","WSW","WALTER REED","07/09/2022",258,-77.0396,38.976,-77.0416,38.976
"173",1027994,"DISTRICT OF COLUMBIA CO.","GEORGETOWN","07/09/2022",252,"Flash Flood","DC",169753,"C","WSW","WSW","GEORGETOWN","07/09/2022",258,-77.0803,38.9056,-77.0814,38.9045
"174",1028069,"DISTRICT OF COLUMBIA CO.","ANACOSTIA","07/09/2022",325,"Flood","DC",169753,"C","W","ESE","NATIONAL ARBORETUM","07/09/2022",525,-76.99,38.87,-76.9477,38.9084
"175",1028070,"DISTRICT OF COLUMBIA CO.","ANACOSTIA","07/09/2022",410,"Flood","DC",169753,"C","N","NNE","ANACOSTIA","07/09/2022",610,-76.97,38.88,-76.9642,38.8777
"176",1033430,"DISTRICT OF COLUMBIA CO.","BROOKLAND","07/16/2022",1800,"Flood","DC",170407,"C","SE","NNW","NATIONAL ARBORETUM","07/16/2022",2000,-76.9876,38.9235,-76.9757,38.9293
"177",1036239,"DISTRICT OF COLUMBIA CO.","GEORGETOWN","08/04/2022",2245,"Flood","DC",170796,"C","WSW","NNE","LINCOLN MEMORIAL","08/05/2022",45,-77.09,38.9075,-77.0454,38.8968
"178",1036240,"DISTRICT OF COLUMBIA CO.","NATIONAL ARBORETUM","08/05/2022",1558,"Flood","DC",170795,"C","NNW","E","NATIONAL ARBORETUM","08/05/2022",1758,-76.9702,38.9205,-76.9692,38.92
"179",1036227,"DISTRICT OF COLUMBIA CO.","BENNING","08/05/2022",1611,"Flood","DC",170795,"C","N","N","BENNING","08/05/2022",1811,-76.9517,38.8954,-76.9508,38.8962
"180",1036242,"DISTRICT OF COLUMBIA CO.","NATIONAL ARBORETUM","08/05/2022",1624,"Flood","DC",170795,"C","ESE","ESE","NATIONAL ARBORETUM","08/05/2022",1824,-76.9338,38.9115,-76.9329,38.9119
"181",1036237,"DISTRICT OF COLUMBIA CO.","BENNING","08/05/2022",1624,"Flash Flood","DC",170795,"C","N","N","BENNING","08/05/2022",1730,-76.9517,38.8954,-76.9506,38.8963
"182",1042486,"DISTRICT OF COLUMBIA CO.","US CAPITOL","08/10/2022",1633,"Flood","DC",171735,"C","NNE","NNE","US CAPITOL","08/10/2022",1833,-77.0137,38.8925,-77.0146,38.8966
"183",1042485,"DISTRICT OF COLUMBIA CO.","BROOKLAND","08/10/2022",1633,"Flash Flood","DC",171735,"C","S","SSE","BROOKLAND","08/10/2022",1825,-77.0004,38.9201,-76.9956,38.922
"184",1042488,"DISTRICT OF COLUMBIA CO.","GEORGETOWN","08/10/2022",1634,"Flood","DC",171735,"C","SSW","WSW","GEORGETOWN","08/10/2022",1834,-77.0565,38.903,-77.0612,38.9182
"185",1113138,"DISTRICT OF COLUMBIA CO.","NATIONAL ARBORETUM","08/14/2023",1612,"Flash Flood","DC",182245,"C","SW","SW","NATIONAL ARBORETUM","08/14/2023",1800,-76.9835,38.9099,-76.9829,38.9099
"186",1113149,"DISTRICT OF COLUMBIA CO.","BROOKLAND","08/14/2023",1613,"Flash Flood","DC",182245,"C","SSE","S","BROOKLAND","08/14/2023",1800,-76.9955,38.9219,-77,38.9212
"187",1122381,"DISTRICT OF COLUMBIA CO.","ANACOSTIA","09/09/2023",1400,"Flash Flood","DC",183618,"C","SSW","SSW","ANACOSTIA","09/09/2023",1600,-76.9836,38.8535,-76.9729,38.8598
"188",1145045,"DISTRICT OF COLUMBIA CO.","WALTER REED","12/17/2023",1138,"Flood","DC",186584,"C","WNW","NNW","WALTER REED","12/18/2023",900,-77.0514,38.9845,-77.0326,38.9843
"189",1153016,"DISTRICT OF COLUMBIA CO.","WALTER REED","01/09/2024",1625,"Flood","DC",187753,"C","SW","SW","WALTER REED","01/10/2024",300,-77.04,38.97,-77.0425,38.9696
"190",1149387,"DISTRICT OF COLUMBIA CO.","TENLEYTOWN","01/28/2024",200,"Flood","DC",187292,"C","SE","W","WALTER REED","01/28/2024",1100,-77.0628,38.9422,-77.0547,38.9838
"191",209678,"DISTRICT OF COLUMBIA (ZONE)",NA,"01/27/2010",253,"Coastal Flood","DC",36158,"Z",NA,NA,NA,"01/27/2010",1059,NA,NA,NA,NA
"192",221049,"DISTRICT OF COLUMBIA (ZONE)",NA,"03/13/2010",1312,"Coastal Flood","DC",37675,"Z",NA,NA,NA,"03/13/2010",1312,NA,NA,NA,NA
"193",293379,"DISTRICT OF COLUMBIA (ZONE)",NA,"03/10/2011",2130,"Coastal Flood","DC",49922,"Z",NA,NA,NA,"03/10/2011",2224,NA,NA,NA,NA
"194",293382,"DISTRICT OF COLUMBIA (ZONE)",NA,"03/12/2011",1033,"Coastal Flood","DC",49925,"Z",NA,NA,NA,"03/12/2011",1830,NA,NA,NA,NA
"195",303089,"DISTRICT OF COLUMBIA (ZONE)",NA,"04/16/2011",1552,"Coastal Flood","DC",51132,"Z",NA,NA,NA,"04/17/2011",806,NA,NA,NA,NA
"196",303097,"DISTRICT OF COLUMBIA (ZONE)",NA,"04/17/2011",1918,"Coastal Flood","DC",51139,"Z",NA,NA,NA,"04/19/2011",947,NA,NA,NA,NA
"197",314985,"DISTRICT OF COLUMBIA (ZONE)",NA,"05/18/2011",718,"Coastal Flood","DC",52714,"Z",NA,NA,NA,"05/18/2011",812,NA,NA,NA,NA
"198",314990,"DISTRICT OF COLUMBIA (ZONE)",NA,"05/19/2011",723,"Coastal Flood","DC",52719,"Z",NA,NA,NA,"05/20/2011",1542,NA,NA,NA,NA
"199",347956,"DISTRICT OF COLUMBIA (ZONE)",NA,"09/08/2011",1848,"Coastal Flood","DC",58029,"Z",NA,NA,NA,"09/08/2011",2049,NA,NA,NA,NA
"200",351276,"DISTRICT OF COLUMBIA (ZONE)",NA,"10/12/2011",2000,"Coastal Flood","DC",58552,"Z",NA,NA,NA,"10/12/2011",2006,NA,NA,NA,NA
"201",416479,"DISTRICT OF COLUMBIA (ZONE)",NA,"10/30/2012",1703,"Coastal Flood","DC",69421,"Z",NA,NA,NA,"10/30/2012",2152,NA,NA,NA,NA
"202",416480,"DISTRICT OF COLUMBIA (ZONE)",NA,"10/30/2012",1725,"Coastal Flood","DC",69421,"Z",NA,NA,NA,"10/31/2012",2359,NA,NA,NA,NA
"203",510862,"DISTRICT OF COLUMBIA (ZONE)",NA,"04/30/2014",809,"Coastal Flood","DC",84587,"Z",NA,NA,NA,"04/30/2014",2359,NA,NA,NA,NA
"204",510860,"DISTRICT OF COLUMBIA (ZONE)",NA,"04/30/2014",1903,"Coastal Flood","DC",84587,"Z",NA,NA,NA,"04/30/2014",2359,NA,NA,NA,NA
"205",521014,"DISTRICT OF COLUMBIA (ZONE)",NA,"05/16/2014",636,"Coastal Flood","DC",86312,"Z",NA,NA,NA,"05/16/2014",1008,NA,NA,NA,NA
"206",521015,"DISTRICT OF COLUMBIA (ZONE)",NA,"05/17/2014",821,"Coastal Flood","DC",86313,"Z",NA,NA,NA,"05/18/2014",1333,NA,NA,NA,NA
"207",546041,"DISTRICT OF COLUMBIA (ZONE)",NA,"10/04/2014",145,"Coastal Flood","DC",91094,"Z",NA,NA,NA,"10/04/2014",405,NA,NA,NA,NA
"208",604940,"DISTRICT OF COLUMBIA (ZONE)",NA,"10/03/2015",2324,"Coastal Flood","DC",101106,"Z",NA,NA,NA,"10/04/2015",57,NA,NA,NA,NA
"209",618579,"DISTRICT OF COLUMBIA (ZONE)",NA,"02/09/2016",1949,"Coastal Flood","DC",103507,"Z",NA,NA,NA,"02/09/2016",2048,NA,NA,NA,NA
"210",618582,"DISTRICT OF COLUMBIA (ZONE)",NA,"02/24/2016",1933,"Coastal Flood","DC",103509,"Z",NA,NA,NA,"02/24/2016",2225,NA,NA,NA,NA
"211",709294,"DISTRICT OF COLUMBIA (ZONE)",NA,"05/25/2017",630,"Coastal Flood","DC",117988,"Z",NA,NA,NA,"05/25/2017",730,NA,NA,NA,NA
"212",749836,"DISTRICT OF COLUMBIA (ZONE)",NA,"03/06/2018",2312,"Coastal Flood","DC",125024,"Z",NA,NA,NA,"03/06/2018",2318,NA,NA,NA,NA
"213",749837,"DISTRICT OF COLUMBIA (ZONE)",NA,"03/07/2018",1017,"Coastal Flood","DC",125024,"Z",NA,NA,NA,"03/07/2018",1217,NA,NA,NA,NA
"214",755179,"DISTRICT OF COLUMBIA (ZONE)",NA,"05/19/2018",915,"Coastal Flood","DC",125978,"Z",NA,NA,NA,"05/19/2018",1333,NA,NA,NA,NA
"215",755180,"DISTRICT OF COLUMBIA (ZONE)",NA,"05/19/2018",2218,"Coastal Flood","DC",125978,"Z",NA,NA,NA,"05/20/2018",212,NA,NA,NA,NA
"216",755182,"DISTRICT OF COLUMBIA (ZONE)",NA,"05/20/2018",1004,"Coastal Flood","DC",125978,"Z",NA,NA,NA,"05/20/2018",1136,NA,NA,NA,NA
"217",755181,"DISTRICT OF COLUMBIA (ZONE)",NA,"05/20/2018",1012,"Coastal Flood","DC",125978,"Z",NA,NA,NA,"05/20/2018",1429,NA,NA,NA,NA
"218",757952,"DISTRICT OF COLUMBIA (ZONE)",NA,"06/04/2018",1118,"Coastal Flood","DC",126433,"Z",NA,NA,NA,"06/05/2018",2000,NA,NA,NA,NA
"219",757950,"DISTRICT OF COLUMBIA (ZONE)",NA,"06/04/2018",2318,"Coastal Flood","DC",126433,"Z",NA,NA,NA,"06/05/2018",536,NA,NA,NA,NA
"220",757951,"DISTRICT OF COLUMBIA (ZONE)",NA,"06/05/2018",932,"Coastal Flood","DC",126433,"Z",NA,NA,NA,"06/05/2018",1610,NA,NA,NA,NA
"221",784288,"DISTRICT OF COLUMBIA (ZONE)",NA,"09/09/2018",1703,"Coastal Flood","DC",131108,"Z",NA,NA,NA,"09/09/2018",2109,NA,NA,NA,NA
"222",784282,"DISTRICT OF COLUMBIA (ZONE)",NA,"09/09/2018",1821,"Coastal Flood","DC",131108,"Z",NA,NA,NA,"09/09/2018",1930,NA,NA,NA,NA
"223",784289,"DISTRICT OF COLUMBIA (ZONE)",NA,"09/10/2018",522,"Coastal Flood","DC",131108,"Z",NA,NA,NA,"09/10/2018",1008,NA,NA,NA,NA
"224",784283,"DISTRICT OF COLUMBIA (ZONE)",NA,"09/10/2018",605,"Coastal Flood","DC",131108,"Z",NA,NA,NA,"09/10/2018",923,NA,NA,NA,NA
"225",784290,"DISTRICT OF COLUMBIA (ZONE)",NA,"09/10/2018",1825,"Coastal Flood","DC",131108,"Z",NA,NA,NA,"09/10/2018",2301,NA,NA,NA,NA
"226",784284,"DISTRICT OF COLUMBIA (ZONE)",NA,"09/10/2018",1829,"Coastal Flood","DC",131108,"Z",NA,NA,NA,"09/11/2018",58,NA,NA,NA,NA
"227",784285,"DISTRICT OF COLUMBIA (ZONE)",NA,"09/11/2018",519,"Coastal Flood","DC",131108,"Z",NA,NA,NA,"09/12/2018",246,NA,NA,NA,NA
"228",784291,"DISTRICT OF COLUMBIA (ZONE)",NA,"09/11/2018",621,"Coastal Flood","DC",131108,"Z",NA,NA,NA,"09/11/2018",1227,NA,NA,NA,NA
"229",784293,"DISTRICT OF COLUMBIA (ZONE)",NA,"09/11/2018",1933,"Coastal Flood","DC",131108,"Z",NA,NA,NA,"09/12/2018",0,NA,NA,NA,NA
"230",784287,"DISTRICT OF COLUMBIA (ZONE)",NA,"09/12/2018",822,"Coastal Flood","DC",131108,"Z",NA,NA,NA,"09/12/2018",1113,NA,NA,NA,NA
"231",784294,"DISTRICT OF COLUMBIA (ZONE)",NA,"09/12/2018",930,"Coastal Flood","DC",131108,"Z",NA,NA,NA,"09/12/2018",1000,NA,NA,NA,NA
"232",784301,"DISTRICT OF COLUMBIA (ZONE)",NA,"09/21/2018",406,"Coastal Flood","DC",131112,"Z",NA,NA,NA,"09/21/2018",524,NA,NA,NA,NA
"233",784305,"DISTRICT OF COLUMBIA (ZONE)",NA,"09/28/2018",2046,"Coastal Flood","DC",131114,"Z",NA,NA,NA,"09/29/2018",345,NA,NA,NA,NA
"234",784306,"DISTRICT OF COLUMBIA (ZONE)",NA,"09/29/2018",649,"Coastal Flood","DC",131114,"Z",NA,NA,NA,"09/29/2018",737,NA,NA,NA,NA
"235",784308,"DISTRICT OF COLUMBIA (ZONE)",NA,"09/29/2018",1112,"Coastal Flood","DC",131114,"Z",NA,NA,NA,"09/29/2018",1118,NA,NA,NA,NA
"236",784309,"DISTRICT OF COLUMBIA (ZONE)",NA,"09/29/2018",2119,"Coastal Flood","DC",131114,"Z",NA,NA,NA,"09/30/2018",120,NA,NA,NA,NA
"237",784307,"DISTRICT OF COLUMBIA (ZONE)",NA,"09/30/2018",952,"Coastal Flood","DC",131114,"Z",NA,NA,NA,"09/30/2018",1319,NA,NA,NA,NA
"238",791279,"DISTRICT OF COLUMBIA (ZONE)",NA,"11/26/2018",2109,"Coastal Flood","DC",132247,"Z",NA,NA,NA,"11/26/2018",2239,NA,NA,NA,NA
"239",795294,"DISTRICT OF COLUMBIA (ZONE)",NA,"12/17/2018",47,"Coastal Flood","DC",132922,"Z",NA,NA,NA,"12/18/2018",830,NA,NA,NA,NA
"240",795293,"DISTRICT OF COLUMBIA (ZONE)",NA,"12/17/2018",1404,"Coastal Flood","DC",132922,"Z",NA,NA,NA,"12/17/2018",1954,NA,NA,NA,NA
"241",795295,"DISTRICT OF COLUMBIA (ZONE)",NA,"12/21/2018",1752,"Coastal Flood","DC",132923,"Z",NA,NA,NA,"12/21/2018",1932,NA,NA,NA,NA
"242",861051,"DISTRICT OF COLUMBIA (ZONE)",NA,"10/12/2019",517,"Coastal Flood","DC",143503,"Z",NA,NA,NA,"10/12/2019",757,NA,NA,NA,NA
"243",861052,"DISTRICT OF COLUMBIA (ZONE)",NA,"10/12/2019",1720,"Coastal Flood","DC",143503,"Z",NA,NA,NA,"10/12/2019",2117,NA,NA,NA,NA
"244",866370,"DISTRICT OF COLUMBIA (ZONE)",NA,"10/31/2019",2204,"Coastal Flood","DC",144344,"Z",NA,NA,NA,"10/31/2019",2327,NA,NA,NA,NA
"245",989795,"DISTRICT OF COLUMBIA (ZONE)",NA,"10/28/2021",2342,"Coastal Flood","DC",163962,"Z",NA,NA,NA,"10/30/2021",1019,NA,NA,NA,NA
"246",989796,"DISTRICT OF COLUMBIA (ZONE)",NA,"10/29/2021",1032,"Coastal Flood","DC",163962,"Z",NA,NA,NA,"10/29/2021",1827,NA,NA,NA,NA
"247",1032446,"DISTRICT OF COLUMBIA (ZONE)",NA,"05/08/2022",2336,"Coastal Flood","DC",170293,"Z",NA,NA,NA,"05/09/2022",1548,NA,NA,NA,NA
"248",1141292,"DISTRICT OF COLUMBIA (ZONE)",NA,"09/24/2023",142,"Coastal Flood","DC",185929,"Z",NA,NA,NA,"09/24/2023",424,NA,NA,NA,NA
"249",1161012,"DISTRICT OF COLUMBIA (ZONE)",NA,"01/09/2024",1612,"Coastal Flood","DC",188780,"Z",NA,NA,NA,"01/09/2024",2212,NA,NA,NA,NA
"250",1170022,"DISTRICT OF COLUMBIA (ZONE)",NA,"03/09/2024",1800,"Coastal Flood","DC",190343,"Z",NA,NA,NA,"03/10/2024",2006,NA,NA,NA,NA
"251",1177518,"DISTRICT OF COLUMBIA (ZONE)",NA,"04/04/2024",1600,"Coastal Flood","DC",191257,"Z",NA,NA,NA,"04/05/2024",612,NA,NA,NA,NA
"252",1214695,"DISTRICT OF COLUMBIA (ZONE)",NA,"08/09/2024",806,"Coastal Flood","DC",196287,"Z",NA,NA,NA,"08/09/2024",942,NA,NA,NA,NA
"253",1217593,"DISTRICT OF COLUMBIA (ZONE)",NA,"09/22/2024",2000,"Coastal Flood","DC",196848,"Z",NA,NA,NA,"09/22/2024",2324,NA,NA,NA,NA
"254",1217606,"DISTRICT OF COLUMBIA (ZONE)",NA,"09/22/2024",2148,"Coastal Flood","DC",196848,"Z",NA,NA,NA,"09/24/2024",106,NA,NA,NA,NA
"255",1217620,"DISTRICT OF COLUMBIA (ZONE)",NA,"09/23/2024",2300,"Coastal Flood","DC",196848,"Z",NA,NA,NA,"09/24/2024",106,NA,NA,NA,NA
